姓名,联系电话
安徽滁州青年国际旅行社(凤阳路营业部),13013011886
安徽马鞍山航天旅行社(体育馆营业部),13033116598
安徽宣城宣之旅旅行社(叠嶂东路),13033131857
安徽芜湖羌胡国际旅行社,13063262380
安徽安庆桐城市春秋旅行社有限公司,13074079899
安徽六安六安市金旅国际旅行社,13085041188
安徽铜陵铜陵观光国际旅行社(义安大道北段),13093333108
安徽蚌埠天洋国际旅行社(张公山店),13155286807
安徽芜湖中国国际旅行社(芜湖县营业部),13155320226
安徽宿州中青旅国际旅行社(桃园代理点),13170075981
安徽安庆中国国际旅行社(集贤路营业部),13182851325
安徽淮南追梦旅行社(山水居店),13205545544
安徽安庆天柱山环宇旅行社,13225566036
安徽合肥巢湖市神州国际旅行社,13305651633
安徽淮北金秋旅行社(沱河路),13309610100
安徽宣城徽商国际旅行社(伟华・城市之光店),13329137777
安徽滁州宝中国际旅行社(丰乐山庄营业部),13329208189
安徽合肥九州国际旅行社(团结东路),13335651377
安徽亳州畅游天下旅行社(利辛营业部),13339278158
安徽淮南国祥旅行社(寿县营业部),13345645311
安徽合肥新世界国际旅行社(庐江店),13355653788
安徽宣城绩溪黄山旅行社有限公司,13395639966
安徽滁州同乐旅行社(龙泉花苑北区店),13505506962
安徽滁州飞扬旅行社(鲁肃大道店),13505555843
安徽马鞍山悦途旅行社,13515550465
安徽宿州畅游国际旅行社(浍水路店),13605570997
安徽宿州春秋旅行社(宿州店),13605578092
安徽合肥好之旅国际旅行社(大西门店),13605603976
安徽宣城乐游游旅行社(敬亭苑店),13605632205
安徽淮北淮北假日旅行社(淮北营业部),13615618970
安徽合肥安徽中旅国际旅行社(稻香楼营业部),13637060066
安徽池州安徽心之旅旅行社(富阳路),13637128006
安徽宣城乐游游旅行社,13637218911
安徽芜湖芜湖国际旅行社(三山区营业部),13645538066
安徽芜湖鸠江南京与你同行国际旅行社,13645539160
安徽合肥安徽金峰国际旅行社有限公司,13675605622
安徽阜阳畅游天下旅行社,13695587888
安徽宿州龙行天下国际旅行社(三里湾营业26部),13695625629
安徽安庆山水旅行社,13705568702
安徽阜阳桃源旅游(银泰国际旅行社),13705583669
安徽宣城宣之旅旅行社(广德营业部),13705632031
安徽宣城宣城环球国际旅行社有限公司(盛世御景店),13705635958
安徽宣城宣城市平安国际旅行社,13705639227
安徽六安飞燕国际旅行社(解放中路店),13705648988
安徽六安安徽双泰国际旅行社有限公司,13731971808
安徽芜湖芜湖青年国际旅行社,13805535062
安徽黄山黄山市新宇假日国际旅行社有限公司,13805597417
安徽宣城乐臣旅行社(宏佳花苑店),13805626072
安徽六安皋城旅行社(阳光大厦店),13805645855
安徽马鞍山春秋旅行社(和县门市部),13805653339
安徽南京江苏省中山国际旅行社(白果路营业部),13813989755
安徽六安中国国际旅行社(金寨营业部),13817688693
安徽南京中国国际旅行社(江苏小行路营业部小行路店),13851527211
安徽南京旅游百事通旅行社有限公司(新华一村营业部),13851946867
安徽滁州安徽颐和假期国际旅行社有限公司,13855002842
安徽滁州青年旅行社,13855096908
安徽芜湖长城旅行社,13855364982
安徽黄山黄山清境国际旅行社,13855909127
安徽黄山中国国际旅行社(黄山中泽国旅店),13855932066
安徽黄山黄山乐程国际旅行社休宁营业部(状元广场),13855971128
安徽黄山黄山市怡途国际旅行社,13855975138
安徽合肥安徽欢途国际旅行社(金融大厦店),13856089158
安徽淮北黄金假日旅行社(相山北路),13856118606
安徽宣城安徽省畅领国际旅行社有限责任公司,13856315711
安徽宣城涧洲旅行社(和谐华庭店),13856323656
安徽宣城世纪国际旅行社,13856330966
安徽宣城旌德黄山旅行社,13856339311
安徽宣城金桥旅行社,13856389654
安徽合肥新世纪旅行社,13856534455
安徽合肥新世纪旅行社,13856581655
安徽马鞍山风行天下旅行社,13856594800
安徽合肥明珠旅行社,13856598520
安徽池州飞扬旅行社(仙寓路),13856657505
安徽亳州牵手假日旅行社,13856853398
安徽宣城广德竹乡假日国际旅行社,13865309818
安徽宣城星星国际旅行社,13865329550
安徽六安安徽青橘国际旅行社有限公司(舒城营业,13865467336
安徽安庆假日旅行社(龙门口门市部店),13865569865
安徽池州池州市交通国际旅行社东湖路营业网点(东湖路营业网点),13866450002
安徽马鞍山马鞍山启程旅行社有限责任公司,13866677780
安徽淮北黄金假日国际旅行社(相山北路),13866888637
安徽滁州青年旅行社(第四营业部),13866904936
安徽滁州安徽颐和假期国际旅行社(建设东路营业部),13866929033
安徽宣城徽风・国际旅行社,13866951088
安徽宣城徽都旅行社,13866953118
安徽滁州东方旅行社有限公司,13905502285
安徽滁州明光交运旅行社有限责任公司,13905506290
安徽安庆金色假期旅行社,13905560519
安徽黄山美丽华国际旅行社(龙翔御景店),13905592358
黄山黄山区黄山市中国旅行社有限公司黄山区平湖路营业部,13905596770
安徽铜陵凤凰国际旅行社(金山东路),13905623682
安徽六安六安惠民旅行社,13905643102
安徽六安锦程国际旅行社,13905649947
安徽池州牯牛降旅行社,13905665318
安徽池州九华风光旅行社(怡和家园店),13905669931
安徽南京中国康辉南京国际旅行社(鼓楼营业部),13913857022
安徽南京江苏百事通国际旅行社有限公司茶南营业部,13913989171
安徽南京江苏百事通国际旅行社有限公司(秦虹路营业部),13915982284
安徽宿州环球之旅旅行社(浍水路),13953721977
安徽滁州原野旅行社(吴敬梓路),13955055299
安徽滁州安徽省我们去旅游有限责任公司,13955060893
安徽芜湖中国国际旅行社(东方龙城营业部),13955358631
安徽芜湖羌胡国际旅行社,13955387679
安徽淮南新青年旅行社(淮河大道北段),13955413767
安徽淮南天地缘旅行社(青年路),13955440505
安徽淮南九洲旅行社(朝阳西路),13955450884
安徽马鞍山乐享游走天下旅行社,13955599577
安徽安庆中申假日国际旅行社(怀宁分社),13955613867
安徽安庆风光旅行社(居巢南路),13955651362
安徽安庆安庆市梦之旅国际旅行社,13955658575
安徽安庆视界旅行社,13955663371
安徽宿州阳光旅行社(汴河大道),13955779957
安徽铜陵友好旅行社,13955922844
安徽黄山中国国际旅行社(黟县营业部),13955951580
黄山黄山区黄山市中国旅行社有限公司黄山区平湖路营业部,13955980607
安徽六安达人国际旅行社,13956123908
安徽芜湖黄河国际旅行社,13956215431
安徽滁州环宇旅行社(花园路营业部),13956307799
安徽安庆启航国际旅行社(政和路店),13956528987
安徽马鞍山阳光旅游含山阳光旅行社,13956642141
安徽宿州安徽省中旅国际旅行社(宿州营业部),13965311123
安徽马鞍山风行天下旅行社,13965436061
安徽六安大别山旅行社,13965463063
安徽黄山黄山福缘国际旅行社有限公司祁门分公司(祁门县烟草专卖局南),13965501213
安徽亳州阳光假日国际旅行社(希夷大道店),13965789188
安徽安庆假日旅行社,13965801510
安徽淮北光大国际旅行社,13965887552
安徽池州五环旅行社,13965911086
安徽蚌埠新时代旅行社(升平街),13966052787
安徽阜阳菲雀旅行社,13966568230
安徽宣城徽锦旅行社,15005631225
安徽芜湖鸠江南京与你同行国际旅行社,15056472691
安徽铜陵铜陵旅行社(联众国旅股东社),15056652276
安徽宿州光大国际旅行社(星海城店),15056720199
安徽淮南旅游百事通旅行社(洛河营业部),15077960000
安徽蚌埠珠城国际旅行社(凤阳东路营业部),15155227776
安徽宣城星辰国际旅行社,15155501676
安徽安庆安庆中天旅行社有限责任公司,15155670957
安徽合肥中青旅安徽国际旅游有限公司,15156159507
安徽马鞍山春晖旅行社,15156853621
安徽芜湖中国国际旅行社(三店),15212278798
安徽黄山黄山市中国旅行社休宁分公司(营业部),15212460043
安徽淮北黄金假日国际旅行社(相山北路),15215618177
安徽滁州天涯旅行社(玺园店),15255062189
安徽芜湖和平国旅美程旅行社,15256521577
安徽宣城大地旅行社,15305639299
安徽合肥山水国际旅行社(东风路营业部),15305650911
安徽南京金桥国际旅行社(溧水营业部),15312079976
安徽黄山黄山纵游国际旅行社,15345599091
安徽安庆金马国际旅行社,15357394159
安徽芜湖中国国际旅行社(银湖波尔卡营业部),15357890836
安徽南京康辉国际旅行社(双龙大道营业部),15365079255
安徽滁州四季旅游国际旅行社总部,15385014720
安徽马鞍山启程旅行社,15385551688
安徽芜湖芜湖畅游国际旅行社有限公司,15385608999
安徽淮南红之旅旅行社,15395419340
宿州埔桥区龙行天下国际旅行社,15398213368
安徽宿州拂晓旅行社(港利营业部),15551111801
安徽宿州龙行天下国际旅行社(三里湾营业26部),15555770908
安徽马鞍山风行天下旅行社,15605556958
宿州埔桥区龙行天下国际旅行社,15605571808
安徽芜湖芜湖市江南假期旅行社有限公司,15655367786
安徽马鞍山安徽初果旅行社有限责任公司,15655555531
安徽阜阳美好假日旅行社(师范大学店),15655880022
安徽六安银泰国际旅行社(霍邱分公司),15695686678
滁州天长中国旅行社总社,15715506000
安徽亳州安徽中旅国际旅行社,15715675199
安徽淮南国祥旅行社(八公山镇医院西南),15755468906
安徽六安安徽金寨县神州旅行社有限公司,15805647252
滁州天长中国旅行社总社,15855086350
安徽马鞍山走天下旅行社(龙灿・绿洲花园店),15855509551
安徽蚌埠安徽携程百事通国际旅行社有限公司(蚌埠市升平街营业部),15855773939
安徽阜阳江山旅行社,15855881124
安徽宣城广马国际旅行社,15856301192
安徽亳州皖美假期旅行社,15856735588
安徽马鞍山招商旅行社(珍珠西园店),15905559696
安徽合肥安徽省中旅国际旅行社有限公司,15905693938
安徽南京中国国际旅行社(女人街营业部),15951750606
安徽蚌埠蚌埠和谐国际旅行社怀远营业部,15955228777
安徽芜湖顺达旅行社(联盛广场店),15955302500
安徽马鞍山安泰信程国际旅行社(马鞍山分公司),15955535562
安徽宣城中汇国际旅行社(新城景苑店),15955632987
安徽安庆信天游国际旅行社(华中路门市部),15955689551
安徽宣城畅游国际旅行社,15956198725
安徽宣城宁国教育旅行社,15956369996
安徽合肥中青旅(安徽国际旅行社),15956963305
安徽阜阳安徽北辰国际旅行社太和体育中心营业部,16255868999
安徽宣城玉屏旅行社(宣城店),17305634488
安徽马鞍山安徽省中旅国际旅行社,17312307079
安徽南京通达国际旅行社集团(南京公司),17705183984
安徽蚌埠皖之旅国际旅行社(纬一营业部),17709657333
安徽安庆安庆市中国旅行社(玉琳路营业部),17709661126
安徽芜湖芜湖市顺达国际旅行社(三店),17718248285
安徽合肥中青旅(安徽国际旅行社),17756061858
安徽亳州安徽青之旅国际旅行社有限公司,18009670080
安徽芜湖七彩山水国际旅行社(源丰小区店),18010754782
安徽合肥中青旅(安居苑)旅行社,18019915616
安徽滁州金鹏皇庆湖旅游度假区,18055080271
安徽蚌埠蚌埠市公交集团公交旅行社(红旗三路),18055202851
安徽蚌埠蚌埠・乐程旅行社有限公司,18055253119
安徽蚌埠安徽中国青年旅行社,18055286917
安徽蚌埠安徽中国青年旅行社,18055299785
安徽淮南健康假日旅行社(八公山营业部),18055464019
安徽马鞍山皖之旅国际旅行社佳山路营业部,18055510133
安徽马鞍山绿洲旅行社(汇成上东营业部),18055510978
安徽马鞍山启程旅行社(东湖碧水湾店),18055555886
安徽宿州龙行天下国际旅行社,18055753739
安徽黄山黄山酷我国际旅行社有限公司,18055919188
安徽六安安徽迎驾国际旅行社(舒城分公司),18056406809
安徽六安行知旅行社(商之都店),18056428005
安徽南京江苏百事通国际旅行社有限公司(浦口大华营业部),18061200010
安徽南京康辉国际旅行社(双龙大道营业部),18061231373
安徽南京开元周游国际旅行社南京分公司,18061888696
安徽蚌埠乐易国际旅行社(余庆苑店),18096510959
安徽蚌埠中国国际旅行社(胜利东路),18096582688
安徽淮南淮南市好之旅国际旅行社(桂集营业部),18105123110
安徽宣城宣之旅国际旅行社敬亭路营业部,18110863232
合肥肥西县安徽省益百鲜生态旅游休闲有限公司,18110969961
安徽六安神州国际旅行社(海心沙店),18119795580
安徽南京中国国际旅行社(秣陵营业部),18120188987
安徽安庆欢乐假期旅行社,18133033586
合肥肥西县安徽省益百鲜生态旅游休闲有限公司,18133642693
安徽淮南皖之旅国际旅行社,18155485568
安徽宿州教育旅行社(磬云路营业部),18155792990
安徽芜湖玉屏旅游,18158816558
安徽芜湖猴开心国际旅行,18196506405
安徽芜湖安徽中国青年旅行社有限责任公司(北京西路营业部),18196585025
安徽蚌埠光大国际旅行社(朝阳路店),18196619199
安徽蚌埠蚌埠光大国际旅行社,18226565678
安徽滁州安徽康宏航空附件有限公司,18251891888
安徽亳州亳州市快乐假日国际旅行社(蒙城营业部),18256735551
安徽宿州交通旅行社,18297658896
安徽合肥中青旅(安居苑)旅行社,18326629179
安徽宿州梨都旅行社(东方不夜城店),18455753000
安徽淮南九洲旅行社(八公山营业部),18456446546
安徽马鞍山皖之旅国际旅行社佳山路营业部,18505555043
安徽滁州滁州宝中国际旅行社有限公司二店,18655023434
滁州来安县原野旅行社,18655077022
安徽合肥车队-安徽卓凡旅游汽车服务有限公司,18655110827
安徽合肥天涯国际旅行社,18655202300
安徽芜湖安徽携程百事通国际旅行社有限公司(芜湖银湖路营业部),18655326479
安徽马鞍山春晖旅行社(东苑店),18655578551
安徽马鞍山皖之旅国际旅行社(健康路营业部),18655587070
安徽宣城鑫辉国际旅行社(义乌商贸城店),18656367951
安徽芜湖芜湖畅游国际旅行社有限公司,18705537270
安徽淮南皖之旅国际旅行社,18705545568
安徽阜阳安徽北辰国际旅行社太和体育中心营业部,18705587999
安徽亳州中旅国际旅行社亳州分公司,18712226786
安徽亳州亳州市宝中国际旅行社有限公司,18726671988
安徽亳州中旅国际旅行社亳州分公司,18726783551
安徽滁州颐和假期国际旅行社,18755022584
安徽淮南飞燕旅行社前锋营业部,18755433342
安徽安庆中国国际旅行社(三祖寺街店),18755615121
安徽安庆宿松县蓝天旅行社,18755671760
安徽宣城畅游国际旅行社,18756381889
安徽合肥四方旅行社,18756502788
安徽南京江苏旅游百事通国际旅行社六合龙群路营业部,18761897133
安徽蚌埠蚌埠・乐程旅行社有限公司,18805520917
安徽安庆天悦旅行社(双岗路),18855616610
安徽黄山黄山市怡途国际旅行社,18855989909
安徽淮北光大国际旅行社,18856192827
安徽黄山黄山市春秋国际旅行社有限公司,18905599688
安徽宣城徽之旅旅行社,18905633053
安徽六安安徽省六安市春秋旅行社,18905643335
安徽南京开元周游国际旅行社南京分公司,18913929599
安徽淮北相韵国际旅行社(双堆店),18949271051
安徽南京南京金辉国际旅行社(三元新村东区店),18952086181
安徽滁州江苏金陵商务国际旅行社(三里亭人家店),18955004225
安徽蚌埠阳光假期国际旅行社,18955201607
安徽淮南梦庆旅行社(凤台・水晶城店),18955451991
安徽安庆信天游国际旅行社(工农街店),18955670234
安徽黄山中国国际旅行社(徽州区营业部),18955998067
安徽合肥中国国际旅行社(北一环路店),18956081788
安徽宣城宣城江南假期旅行社,18956306697
安徽宣城宣城中青旅,18956342261
安徽宣城力达旅行社,18956362233
安徽宣城金马旅行社(中溪北路),18956389111
安徽南京万达原野国际旅行社(六合白果路营业部),18994080086
安徽合肥安徽唯乐文化旅游开发有限公司,19154002518
安徽淮南淮南市好之旅国际旅行社(桂集营业部),19156155256
安徽黄山黄山市中国旅行社休宁分公司(营业部),19556220617
安徽淮南九洲旅行社(八公山营业部),19855046821
安徽蚌埠乐畅国际旅行社(浍南镇营业部),19955296150
安徽淮南红之旅旅行社,19955423517
安徽宣城力达旅行社,19956394007
安徽六安安徽久久红旅行社,19956449223
安徽南京江苏省中山国际旅行社(东邺百货店),13003403989
安徽蚌埠头号玩家国际旅行社(安徽蚌埠分公司),13004088285
安徽合肥皖之旅国际旅行社(下塘镇新民营业部),13013068501
安徽蚌埠蚌埠金色假日国际旅行社(解放二路营业部),13033019888
安徽蚌埠珠城国际旅行社奋勇街营业部,13035025279
安徽宿州中国国际旅行社(宿怀北路店),13053003906
安徽芜湖中国国际旅行社(北京路旗舰店),13063366732
安徽宿州中青旅国际旅行社桃园代理点,13083027627
安徽六安安徽意卓国际旅行社,13084048474
安徽淮南国祥旅行社(新华路营业部),13155411068
安徽黄山黄山市天天国际旅行社有限责任公司,13195595888
安徽宿州龙行天下国际旅行社(砀山分店),13205575066
安徽六安三友旅行社有限公司,13275887888
安徽黄山黄山旅程国际旅行社有限公司,13305595670
安徽合肥安徽经纬度研学旅游有限公司,13305606060
安徽宣城辛巴国际旅行社,13305638280
安徽六安中国青年旅行社(六安博亚营业部),13305644212
安徽宿州远方旅行社(胜利路),13305676718
安徽芜湖中国国旅CITS国际旅行社(左岸营业部),13309637290
安徽淮南新世纪旅行社(颐园店),13329103336
安徽安庆吉祥如意旅行社,13329269956
安徽淮南皖之旅国际旅行社,13329285977
安徽马鞍山好之旅旅行社,13335556082
安徽铜陵万事达环球国际旅行社(向阳路分店),13339255189
安徽安庆安庆市山之海旅行社有限责任公司,13345569718
安徽宣城宣之旅旅行社,13345639996
安徽阜阳美好假日旅行社,13345673737
安徽安庆蓝天旅行社(龙门小区店),13355565009
安徽蚌埠红途国际旅行社(隆鑫・盛世豪庭店),13359020666
安徽淮南原野旅行社(淮南总店),13365544085
安徽芜湖安徽健康假日旅行社85号(清风雅韵店),13382778967
安徽黄山北京聚游国际旅行社有限公司黄山分公司,13391705992
安徽马鞍山中青旅(体育馆营业部),13395550550
安徽安庆中国国际旅行社(宿松分公司),13395563938
安徽六安中旅国际旅行社(五星街营业部),13395686530
安徽合肥旅游百事通国际旅行社,13399512826
安徽芜湖猴开心(北京)国际旅行社有限公司(赤铸山西路营业部),13466760010
安徽宣城我想去看看国际旅行社(泾县分公司),13485993166
安徽安庆宿松县游天下旅行社有限责任公司,13500551638
安徽合肥安徽金途国际旅行社有限公司,13505510168
安徽芜湖芜湖环通国际旅行社,13505590942
安徽芜湖芜湖康泰国际旅行社,13505593737
安徽马鞍山含山假日航空旅行社,13505652980
安徽蚌埠珠城国际旅行社(时代广场店),13515526867
安徽铜陵中国国旅,13515625333
安徽合肥中国国际旅行社,13515643859
安徽宣城宣城依缘行国际旅行社,13538995256
安徽芜湖安徽猴开心旅行社,13605535857
安徽安庆皖之旅国际旅行社,13605567576
安徽芜湖芜湖国际旅行社(四褐山营业部),13605593716
安徽蚌埠神州国际旅行社(南山路营业部),13605666165
安徽南京江苏省中山国际旅行社(先锋广场),13611567137
安徽芜湖中国国际旅行社(二街营业部),13635537724
安徽淮南健康假日旅行社(土坝孜营业部),13635547758
安徽宣城辛巴国际旅行社(凤形路营业部),13635631112
安徽宣城携程旅游,13635636660
安徽六安飞燕国际旅行社,13637272249
安徽淮南乐遥旅行社,13645544397
安徽淮南国祥旅行社基地营业部,13645544809
安徽南京中北友好国际旅行社(光华路营业部),13655191594
安徽蚌埠皖之旅国际旅行社(纬一营业部),13655523103
安徽马鞍山启程旅行社(示范园区店),13655536772
安徽宣城同行国际旅行社(状元府店),13655660227
安徽蚌埠光大国际旅行社(财富广场店),13665523113
安徽蚌埠光大旅行社工农路门店,13665525082
安徽淮南好之旅国际旅行社,13665545800
蚌埠五河县金色假日旅游,13665621222
安徽宿州泗州旅行社(第一街店),13675573148
安徽马鞍山环球雅途旅行社,13685558666
安徽淮南淮南市春秋旅行社(南岭新村营业厅),13695540805
安徽亳州忆江南国际旅行社(好又多购物中心店),13696596280
安徽滁州滁州光大旅行社,13705501430
安徽滁州辉煌经典旅行社(鑫园批发市场店),13705509237
安徽蚌埠大禹国际旅行社(健康路),13705527889
安徽芜湖芜湖国际旅行社(清水营业部),13705536373
安徽淮南九洲旅行社(老龙眼店),13705547512
安徽黄山黄山快乐之旅国际旅行社(长干东路门市部),13705591370
安徽黄山黄山星火国际旅行社,13705599543
安徽合肥翎燕国际旅行社,13705656435
安徽池州大自然旅行社(南湖商业街),13705667830
安徽滁州红途国际旅行社(天长秦栏营业部),13721005018
安徽合肥新天地国旅(合肥元一店),13721118858
安徽淮南健康假日旅行社(淮北营业部),13721138143
安徽蚌埠满江红旅行社,13721181833
安徽马鞍山马鞍山市秋水渔歌农业开发投资有限公司,13721221366
安徽六安霍邱县研学旅行社有限公司,13733022222
安徽南京江苏百事通国际旅行社迈皋桥营业部,13770721244
安徽南京康辉国际旅行社(韩府新苑店),13776550537
安徽滁州风光旅行社,13805500306
安徽黄山中国国际旅行社(太平分社),13805590695
安徽黄山黄山超岳国际旅行社有限公司,13805594416
安徽合肥安徽天驰农业休闲旅游有限公司,13805604388
安徽宣城山川旅行社(名都城店),13805637785
安徽滁州阳光旅行社(康乐花园店),13855000290
安徽滁州安徽颐和假期国际旅行社会峰营业部,13855008585
安徽滁州原野旅游(北湖营业部),13855011761
安徽滁州原野旅游,13855077811
安徽滁州安徽四季旅行社,13855081252
安徽滁州中国青年旅行社(扬子路营业部),13855083739
安徽合肥星游国际旅行社,13855146961
安徽芜湖青年国际旅行社(南陵县店),13855397866
安徽淮南南京国际旅行社淮南旗舰店,13855420186
安徽淮南盈科旅行社,13855458539
安徽马鞍山马鞍山龙行天下旅行社,13855503393
安徽马鞍山绿洲旅行社(江东大道营业部),13855513840
安徽马鞍山畅游天下旅行社(健康路同济花园店),13855555057
安徽黄山黄山旅游,13855904355
安徽黄山中国青年旅行社(影县营业部),13855920571
安徽合肥安徽携程百事通国际旅行社有限公司,13856026052
安徽合肥安徽省中旅国际旅行社(城南新村A区店),13856060138
安徽宣城骏马国际旅行社,13856301202
安徽宣城好自然旅行社(康乐山庄西区店),13856331512
安徽宣城泾县力达旅行社有限公司,13856352111
安徽宣城安徽携程百事通国际旅行社,13856361129
安徽宣城宣城辛巴国际旅行社有限公司宁墩营业部,13856395941
安徽六安安徽行色旅行社有限公司舒城分公司(舒城背包客),13856487626
安徽合肥巢湖携行户外国际旅行社(东方新世界21幢1622工作室),13856528520
安徽合肥巢湖原野旅行社(天湖商城店),13856571234
安徽合肥安徽徽之缘国际旅行社,13856994802
安徽安庆望江县中青旅(望江营业部),13865131277
安徽马鞍山和县金城旅行社有限公司,13865214677
安徽合肥行游天下旅行社(文景花园店),13865290610
安徽宣城辛巴国际旅行社(百信丽郡营业部),13865371309
安徽六安金寨红岭旅行社有限公司,13865717186
安徽合肥中旅国际旅行社(海关路营业部),13865950093
安徽合肥通达国际旅行社(合肥分公司),13865964266
安徽安庆心星国际旅行社,13866099099
安徽芜湖新天地国际旅行社有限责任公司,13866365059
安徽安庆光大国际旅行社,13866446691
安徽芜湖芜湖国际旅行社金域蓝湾天街营业部,13866655077
安徽滁州安徽中青旅(天长天康大道店),13866743655
合肥蜀山区安徽天天游国际旅行社有限公司,13866765547
安徽池州盛世假日旅行社,13866801066
安徽宿州龙行天下国际旅行社,13866873941
安徽滁州滁州新中国际旅行社有限公司天长分公司,13866930252
安徽合肥曲阳旅行社(肥东营业部),13905505662
安徽安庆信天游国际旅行社(四方城店),13905560545
安徽安庆中国国际旅行社(华中西路店),13905569181
安徽黄山蔚程国际旅行社(杭州)有限公司(黄山分公司),13905590355
安徽黄山新黄山国际旅行社有限公司,13905590726
安徽宣城国洋国际旅行社,13905637465
安徽南京开创旅行社(漂水营业部),13912930970
安徽南京江苏省中山国际旅行社(金尧路营业部),13913813982
安徽南京康辉国际旅行社(尧化门营业部),13951600585
安徽南京中国国际旅行社(悦民路),13951907580
安徽滁州中国青旅,13955004225
安徽滁州滁州宝中国际旅行社有限公司定远东城营业部,13955030737
滁州全椒县中国旅行社总社,13955053633
滁州明光中青旅(明光营业部),13955088092
安徽合肥安徽天成商务旅行社有限公司,13955106559
安徽蚌埠新旅程国际旅行社,13955201316
安徽芜湖新时代国际旅行社,13955309736
安徽芜湖中国国际旅行社(万春营业部),13955356608
安徽芜湖四季旅行社(苏果店),13955358789
安徽淮南皖之旅 国际旅行社,13955425667
安徽马鞍山途游旅行社(襄河湾店),13955563737
安徽安庆信天游国际旅行社(双井街门市部),13955638500
安徽宿州砀山县春天国旅国际旅行社(梨都华庭店),13955761766
安徽宿州龙行天下国际旅行社(桃园营业部),13955784056
宿州埔桥区龙行天下国际旅行社(桃园营业部),13955784086
安徽铜陵中国国际旅行社(香格里拉营业部),13955928600
安徽黄山黄山云游国际旅行社有限公司,13955968079
安徽黄山黄山五境之旅旅行社有限公司,13955977545
合肥肥西县车队-安徽保顺旅游租车,13956076139
马鞍山花山春晖旅行社,13956224188
安徽淮南卓越国际旅行社,13956416535
安徽安庆中国国际旅行社(菱湖南路店),13956517336
安徽宿州启航旅行社(022县道店),13956842600
安徽宿州砀山县交通旅行社,13956869159
安徽合肥源华旅行社,13956925728
安徽合肥明珠国际旅行社(潜山路营业部),13965052866
安徽芜湖环通国际旅行社繁昌店,13965166655
安徽芜湖江南假期旅行社(三山营业部),13965197969
安徽宿州龙行天下国际旅行社(工人村营业部),13965311141
安徽宿州恒泰国际旅行社(宿州分公司),13965315889
安徽淮南中兴国际旅行社(寿县分社),13965486102
安徽黄山黄山市徽之旅国际旅行社北海路门市部,13965501795
安徽黄山顺天国际旅行社有限公司,13965508428
安徽宣城安徽国联国际旅行社(宁国分公司),13966225806
安徽马鞍山国安国际旅行社,13966333680
安徽芜湖洞天旅行社(隆兴苑店),13966334718
安徽合肥合肥欢享假期国际旅游有限公司,13966379699
安徽淮南新世纪旅行社(八公山营业部),13966480089
阜阳颖上县万达环球国旅,13966561887
阜阳太和县乐享旅途国际旅行社安徽分公司(太和营业),13966591618
安徽安庆金旅旅行社(菱湖北路),13966629225
安徽合肥中国国际旅行社(合肥毫州路营业部),13966655122
合肥庐阳区安徽悦途国际旅行社,13966728599
安徽合肥顶峰美术学校,13966734237
安徽合肥CYTS中青旅(合肥银泰城店),13966784419
安徽阜阳安徽中国青年旅行社有限责任公司临泉县中泉街营业部,13966848813
安徽亳州涡阳梦之旅国际旅行社,13966894131
安徽淮北牛妈妈国际旅行社,15005610326
安徽合肥中青旅安徽国际旅游有限公司合肥铜冠花园营业部,15055118582
安徽宿州宿州市龙行天下国际旅行社总部,15055355835
安徽安庆中莘国际旅行社,15055665500
安徽芜湖安徽携程百事通国际旅行社有限公司芜湖天街营业部,15055768877
安徽六安安徽中国青年旅行社有限责任公司(六安市舒城县梅河路营业部),15055964773
安徽合肥安徽中青旅,15056032284
安徽铜陵铜陵市青年旅行社,15056200350
安徽亳州港中旅旅行社(张庄营业部),15056762928
安徽合肥中国国际旅行社(新地店),15056908655
安徽合肥安徽海达航空国际旅行社,15056958831
安徽南京康辉国际旅行社(集庆门营业部),15105146553
安徽黄山天津万航国际旅行社,15122333066
安徽芜湖中国国际旅行社(南陵营业部),15155316116
安徽芜湖万达原野国际旅行社有限公司(南陵营业部),15155395505
安徽淮南九洲旅行社(淮橡新村营业部),15155402013
安徽合肥安徽携程百事通国际旅行社天下锦城营业部(锦城邻里中心店),15156078238
安徽亳州中国国际旅行社(新华南路店),15178082999
安徽芜湖携程旅游(中兴花园营业部),15178507576
合肥蜀山区安徽千友国际旅行社有限公司,15209886649
安徽宿州南京国旅国际旅行社(帝景公馆店),15212510607
安徽宿州春天国际旅行社(中山北路店),15212531999
安徽淮南淮南市顺达旅行社总部,15212686999
安徽宿州春秋旅行社(淮海西路店),15215577000
淮南凤台县安徽携程百事通国际旅行社丰台营业部,15222942215
安徽阜阳美好假日旅行社(解放路店),15222981571
安徽芜湖江南假期旅行社(森海都市花园店),15255343250
安徽淮南携程百事通国际旅行社(前锋营业部),15255412555
安徽亳州红途国际旅行社(涡阳营业部),15255480000
安徽宿州神舟旅行社,15255709085
安徽黄山世友国际旅行社(休宁营业部),15255999399
安徽六安飞燕国际旅行社(霍山营业部),15256938705
安徽南京中国国际旅行社(上元大街店),15305187552
安徽滁州四季旅游国际旅行社总部(丰润园店),15305501945
安徽黄山黄山皖南风情国际旅行社有限公司,15305597432
安徽六安安徽银泰国际旅行社三十铺分社,15339611133
安徽芜湖中国国际旅行社(繁昌县营业部),15357005558
安徽芜湖中国国际旅行社(月河星城),15357048883
安徽安庆绿色国际旅行社,15357057007
安徽阜阳中青旅(界首体育场营业部),15357774695
安徽安庆中国青年旅行社(安徽公司桐城新渡营业部),15375185679
安徽芜湖江南假期旅行社西河古镇地接社,15375537515
安徽南京中北友好国际旅行社(春光里营业部),15380941043
安徽宣城安徽省宣城市宁国市携程旅游(宁墩路),15385339522
安徽合肥安徽趣旅行国际旅行社有限公司,15385519862
安徽马鞍山安泰信程国际旅行社(马鞍山分公司),15385554824
安徽六安安徽银泰国际旅行社健康苑店,15385939055
安徽合肥德之旅汽车服务有限公司,15395061095
安徽合肥安徽中青旅,15395119992
安徽淮南梦之旅旅行社,15395543163
安徽合肥去哪儿旅行社(撮街营业部),15555663138
安徽宿州教育旅行社银河一路店,15555902858
安徽滁州快乐假日国际旅行社(凤阳营业部),15556333118
安徽安庆皖之旅国际旅行社(怀宁县高河营业部),15655606188
安徽淮南国祥旅行社(瓦埠营业部),15656403832
安徽黄山皖之旅国际旅行社,15665594280
安徽合肥安徽携程百事通国际旅行社有限公司弘阳广场营业部,15665690777
安徽马鞍山交通旅行社(东北路营业部),15695554450
安徽阜阳安徽北辰国际旅行社有限公司阜阳颍东开发区营业部,15705686995
安徽阜阳同程旅行社,15720582661
淮南田家庵盈科美辰国际旅行社有限公司淮南分公司,15755435111
安徽马鞍山安徽绿森环球旅行社,15755516280
马鞍山雨山皖之旅国际旅行社(万达营业部),15805558721
安徽六安安徽红杜鹃旅行社有限责任公司,15805647109
安徽黄山黄山人人游国际旅行社,15810906655
安徽南京世友国际旅行社,15850731276
滁州全椒县安徽中国青年旅行社有限责任公司(全椒营),15855029959
安徽滁州中国国际旅行社(儒林路),15855079093
安徽合肥安徽省中国旅行社,15855134145
安徽淮南九洲旅行社(蔡新路八公山营业部),15855433966
安徽蚌埠阳光假期国际旅行社(八分店),15855760606
安徽阜阳阜阳驴妈妈国际旅行社有限公司(北京东路),15855838765
安徽亳州亳州星辰大海国际旅行社(南湖店),15855888826
安徽芜湖百川旅行社(方特1店),15855991288
淮北相山区凤凰国际旅游,15856186323
安徽宣城金色假期旅行社,15856336169
安徽芜湖携程旅游,15868469496
安徽南京江苏省中山国际旅行社(禄口营业部),15905194752
安徽芜湖芜湖途悦国际旅行社,15905533323
安徽安庆信天游国际旅行社(同安路门市部),15905565183
安徽淮北安徽国联国际旅行社(大华新家园店),15905615810
安徽安庆中国国际旅行社(岳西营业部),15922332898
安徽安庆皖之旅印象旅行社,15922360917
安徽南京南京市中国旅行社安将军巷营业部,15951887177
安徽滁州猴开心国际旅行社,15955043023
安徽合肥中国国际旅行社(青阳路店),15955117936
安徽芜湖芜湖市江南假期旅行社有限公司(湾b区东湖营业部),15955323380
安徽芜湖芜湖途悦国际旅行社二街营业部,15955354760
安徽淮南健康假日旅行社(南苑小区店),15955468064
安徽淮南健康假日旅行社(南岭营业部),15955479529
安徽马鞍山春晖旅行社(当涂营业部),15955548338
安徽芜湖携程旅游(二街营业部),15956955731
安徽淮南淮南银泰旅行社总部,17205682776
安徽滁州安徽远景旅行用品有限公司,17301599948
安徽安庆皖之旅国际旅行社(安庆恒大营业部),17305561717
安徽合肥皖之旅国际旅行社(芳邻家园店),17352988733
安徽安庆再青春旅行社,17353798107
安徽宿州龙行天下国际旅行社(三八乡营业部),17355700113
安徽阜阳阜阳市源泉旅行社,17355855173
安徽池州中青旅(长江中路店),17356602580
安徽芜湖携程旅游,17730113963
安徽亳州涡阳品质游旅行社,17730359292
安徽宿州神舟旅行社(环宇・银河绿苑南区店),17733340119
安徽池州九华山海心旅行社,17749585678
安徽合肥合肥远风国际旅行社有限公司,17754007333
安徽合肥中国国旅(安徽)国际旅行社有限公司,17755101227
合肥包河区车队-安徽启航旅游汽车有限公司,17755109866
安徽合肥中国国旅(安徽)国际旅行社有限公司,17755404176
安徽马鞍山绿洲旅行社(马军寨营业部),17755551147
安徽马鞍山驴妈妈旅行社,17755593101
安徽芜湖江南假期旅行社(利民路营业部),17756529712
安徽阜阳安徽皖之旅国际旅行社颍上营业部,17756868999
安徽宿州宿州市心灵假期旅行社有限责任公司,17855735222
安徽南京哪玩国际旅行社,18001581938
安徽淮南新世纪旅行社(人民南路店),18054008632
安徽蚌埠战友国际旅行社,18055206680
安徽蚌埠健康假日国际旅行社(蚌埠中心店),18055221120
安徽芜湖江南假期旅行社,18055333716
安徽芜湖康富源国际旅行社(邮电局宿舍店),18055353040
安徽淮南乐悠游旅行社(燃气小区店),18055405556
安徽淮南健康假日旅行社泉林店,18055428742
安徽淮南飞燕旅行社(万达营业部),18055469494
合肥包河区安徽爱旅途旅游文化传播有限公司,18055578188
安徽安庆安庆假日旅行社(怀宁分部),18055667239
安徽宿州泗县教育旅行社,18055707768
安徽宿州春天国旅国际旅行社(砀山营业部),18055711313
安徽宿州砺山西关春天国际旅行社(砺山营业部),18055711319
安徽宣城安徽省中旅国际旅行社有限公司(宣城分公司),18056311092
宣城泾县千皖之旅国际旅行社,18056335550
安徽宣城安徽信天旅行社,18056336030
安徽宣城银龙假期旅行社(径县分社),18056336923
城关镇玉泉路国联国际旅行社(霍邱营业部),18056414206
安徽马鞍山中青旅国际旅行社(历阳西路店),18056569955
安徽芜湖中国青年旅行社,18056593312
安徽宣城宣之旅国际旅行社中港路营业部,18056956691
安徽淮南海外国际旅行社(淮南营业部),18063000087
滁州来安县原野旅游储姐店,18075245132
安徽铜陵铜陵旅行社(东郊营业部),18098433696
安徽宣城超群国际旅行社,18098555965
安徽合肥巢湖市缤纷假期国际旅行社,18100516060
安徽芜湖江南假期旅行社(赂坌虑西区店),18105531952
安徽安庆安庆市中国旅行社(玉琳路营业部),18105565697
安徽铜陵顺顺国际旅行社(顺安店),18105624277
安徽六安健康假日旅行社总店,18110612516
安徽滁州中国国际旅行社(滁州分公司),18110778037
安徽淮南银泰旅行社,18119515350
安徽淮南淮南市春秋旅行社(淮矿建西村营业部),18119515516
安徽亳州亳州市宝中国际旅行社有限公司(药材街门市部),18119973888
安徽芜湖江南假期旅行社(许镇营业部),18133403612
安徽宿州阳光国际旅行社,18133705767
安徽宣城中国旅行社(宣城公司),18134565086
安徽马鞍山盈悦游国际旅行社花山营业部,18154020048
安徽蚌埠头号玩家国际旅行社(安徽蚌埠分公司),18155253570
安徽芜湖中青旅,18155379179
安徽淮南中青旅(安徽)国际旅行社淮南陈洞路营业部,18155418123
淮南谢家集卓越国际旅行社,18155426791
马鞍山花山皖之旅国际旅行社,18155564846
庐州大道56海外国际旅游(大摩广场店),18156056918
安徽合肥合肥及周边地接社(安徽新天地国旅总部地接中心),18156091159
安徽合肥保利国际影城(皇庭广场店),18158873618
安徽安庆假日旅行社(江花门市部),18175313595
安徽芜湖携程旅游(星悦广场营业部),18196599929
安徽宣城中青旅(泾县种墨园路营业部),18196736539
安徽安庆携程旅游(人民路),18205560778
安徽合肥安徽省昶程旅行社有限公司,18225606599
"
安徽蚌埠阳光假期国际旅行社",18225908267
安徽合肥携程旅游(双岗营业部),18226605147
安徽芜湖途游旅行社,18226788299
安徽滁州中国国旅,18226995166
安徽滁州凤阳光大国际旅行社,18255068111
安徽淮南国祥旅行社,18255434165
安徽淮南银泰旅行社(东苑营业部),18255496668
安徽宿州国联国际旅行社(萧县营业部),18255780555
安徽宿州安徽新中旅国际旅行社,18255798331
安徽黄山黄山市观天下国际旅行社,18255991970
安徽淮北春天国际旅行社,18256170720
安徽宣城携程旅游(中港东路),18256355093
安徽阜阳宏运旅行社,18256883000
安徽合肥中国国际旅行社(阜阳北路店),18297900202
安徽合肥安徽好之旅(卫岗营业部),18297976306
安徽芜湖芜湖趣嗨旅行社有限公司,18315305366
安徽芜湖中国国际旅行社(三潭音悦营业部),18315372136
安徽合肥安徽好之旅国际旅行社(百脑汇店),18326618786
安徽合肥中青旅安徽国际旅游有限公司合肥绿地蓝海营业部,18355108820
安徽合肥安徽名途之旅之旅国际旅行社,18355112301
安徽合肥中青旅(保利广场店),18355148712
安徽蚌埠环球美途国际旅行社(槐花园E区店),18355252308
安徽芜湖携程旅游(公园大道营业部),18355341850
安徽芜湖携程旅行社(银湖南路营业部),18355345458
安徽淮南乐悠游旅行社(佳城国际广场店),18355435256
安徽芜湖江南假期旅行社(星悦广场营业部),18356996186
安徽滁州滁州百事通国际旅行社有限公司吴敬梓路交通局营业部,18365095590
安徽宣城宁国乐途旅行社(翠竹家园店),18365310999
安徽滁州原野旅行社,18505503255
安徽宣城辛巴国际旅行社(八里营业部),18505635115
安徽六安六安市交通旅行社旅游集散中心,18505649966
安徽南京中国国际旅行社(海福巷营业部),18551870349
安徽芜湖芜湖吉时旅行社(中和路营业部),18555331553
安徽滁州原野旅行社,18605504530
安徽安庆安徽省樱桃国际旅行社有限公司,18609669722
安徽蚌埠中国国际旅行社(雪华路店),18655297230
安徽芜湖芜湖国际旅行社,18655319561
安徽芜湖大美国旅,18655381987
安徽淮南好之旅旅行社(淮南店),18655461922
安徽马鞍山中国国际旅行社,18655556547
安徽马鞍山安徽省中旅国际旅行社,18655557677
安徽安庆飞扬旅行社,18655667911
安徽黄山中国国际旅行社(新园东路分部),18655965158
碧阳镇龙川广浙江畅游国际旅行社(影县营业部),18655990620
安徽宿州旅游百事通(萧县营业部),18656009096
安徽合肥瑞景国际旅行社,18656052002
安徽合肥安徽视界国际旅行社有限公司,18656132600
安徽铜陵顺顺国际旅行社(育才路店),18656206110
安徽六安良好旅行社营业部,18656491789
安徽合肥安徽携程百事通国际旅行社有限公司黄山路第二营业部,18656952412
安徽安庆安徽驰景旅行社(岳西营业部),18712413054
毫州谁城区中青旅,18715025876
安庆太湖县康辉国际旅行社(红合联络点),18726061758
安徽安庆双红旅行社(学府茗苑店),18726131121
黄山歉县S世友国际旅行社三阳营业部,18726852421
安徽安庆安徽人人国际旅行社,18755180123
安徽淮南原野旅行社(万达营业部),18755434907
安徽马鞍山走天下旅行社,18755501680
安徽安庆中国国际旅行社(前进路店),18755644543
宿州灵璧县龙行天下国际旅行社,18755792208
安徽黄山吴越国际旅行社,18755973737
合肥瑶海区车队-安徽朝旅旅游客运有限公司,18756011789
安徽铜陵万事达环球国际旅行社北京路店,18756298393
安徽六安六安市中海旅行社,18792010713
安徽宣城广德长客旅行社,18792231565
安徽芜湖陈荣旅行社,18805537340
安徽黄山安徽驿程国际旅行社有限公司,18805592220
安徽六安六安市鸿义旅行社,18805643359
安徽芜湖携程旅游,18815537725
安徽滁州上海旅行社订房一站式服务中心,18817281828
安徽马鞍山蓝天旅行社(美华・中央花园店),18855586999
安徽宿州龙行天下国际旅行社(早城店),18855751131
安徽黄山黄山万达国际旅行社,18855923775
安徽六安皖之旅国际旅行社(六安东部新城营业部),18856401150
安徽阜阳阜阳市悠然假期旅行社颍上营业部,18895538555
安徽马鞍山青年国际旅行社(博望区营业部),18895596385
安徽南京玉屏国际旅行社(东宇大厦店),18901581248
安徽蚌埠新青国际旅行社,18905520170
安徽蚌埠大道无边国际旅行社,18905529156
安徽安庆中国国际旅行社(市府路),18905562525
安徽铜陵铜陵旅行社,18905622737
安徽安庆好时光旅行社,18909664926
安徽合肥安徽省中旅国际旅行社有限公司,18909693771
安徽南京江苏太平洋国际旅行社,18913920981
安徽六安六安畅游国际旅行社,18919777772
安徽滁州原野旅行社(庄曹小区店),18949704036
滁州天长原野旅游,18949733102
安徽合肥中国国际旅行社(撮镇营业部),18949815980
安徽合肥安徽美行国际旅行社有限公司,18949887355
安徽滁州安徽新天地国际旅行社凤阳营业部(万福花园店),18955067878
安徽合肥中青旅安徽国际旅游有限公司,18955124868
安徽蚌埠光大国际旅行社(工农路分公司),18955204520
安徽蚌埠辉达国际旅行社,18955212959
安徽蚌埠滁州金甲溪旅行社有限公司蚌埠分公司,18955218909
安徽芜湖芜湖市伴山伴水国际旅行社(大富新村东区店),18955317985
安徽淮南环游假期旅行社(淮舜南路),18955473379
安徽马鞍山中青旅(佳山路门店),18955519185
安徽安庆康辉国际旅行社,18955650049
安徽黄山黄山清境国际旅行社有限公司,18955933466
安徽黄山黄山乐程国际旅行社(汤口营业部),18955994252
安徽黄山友谊国际旅行社,18955996728
安徽合肥安徽三亿国际旅行社有限公司,18956096190
安徽宣城假日海外旅行社泾县营业部(谢园西路店),18956336500
安徽宣城凤凰旅行社(郎步路),18956354328
安徽六安青青假期旅行社(旅游公司),18956416620
安徽六安风光旅行社(梅山中路店),18956430518
安徽六安六安锦绣中华旅行社有限公司(梧桐嘉苑店),18956433334
安徽六安六安市友好假日旅行社,18956441266
安徽铜陵中国国际旅行社(金大地紫金公馆店),18956609922
安徽亳州安徽猴开心国际旅行社(蒙城碧桂园营业部),18956825515
安徽安庆假日旅行社(大南门店),18956901681
安徽安庆天天假日旅行社有限公司,18956916689
安徽合肥安徽好之旅,18963790219
合肥肥东县安徽中国青年旅行社有限责任公司(肥东县公园路营业部),19156595693
安徽亳州悦观国际旅行社,19159663295
合肥瑶海区携程旅行,19395001212
安徽蚌埠光大国际旅行社(延安路营业部),19955231311
安徽铜陵中国国旅,19956217558
安徽宣城安徽省宣城市宣州区携程旅游状元中路58号,19956322225
安徽六安山水居旅行社,19956418691
安徽芜湖皖之旅国际旅行社(芜湖万达广场店),19965341321
